Key,id
you know you know you know you know,8g_s1
know you know you know you know you,8g_s2
la la la la la la la la,8g_s3
i dont want to give too much away,8g_s4
yeah yeah yeah yeah yeah yeah yeah yeah,8g_s5
i think at the end of the day,8g_s6
you know at the end of the day,8g_s7
dont want to give too much away but,8g_s8
i wanted to be a part of it,8g_s9
one of the reasons why i wanted to,8g_s10
when i was a kid i used to,8g_s11
at the end of the day i think,8g_s12
i dont want to i dont want to,8g_s13
its going to be a lot of fun,8g_s14
but at the end of the day i,8g_s15
i was like oh my god this is,8g_s16
i didnt know what i wanted to do,8g_s17
i dont know what im going to do,8g_s18
you know its one of those things where,8g_s19
to do for the rest of my life,8g_s20
no no no no no no no no,8g_s21
i box i give up fried foods red,8g_s22
box i give up fried foods red meat,8g_s23
i give up fried foods red meat wheat,8g_s24
comes into the airspace of the united states,8g_s25
into the airspace of the united states of,8g_s26
the airspace of the united states of america,8g_s27
powerful nation russia because they are right there,8g_s28
it was a lot of fun it was,8g_s29
it was it was a lot of fun,8g_s30
at the right place at the right time,8g_s31
i was able to learn more i was,8g_s32
was able to learn more i was able,8g_s33
able to learn more i was able to,8g_s34
to learn more i was able to learn,8g_s35
learn more i was able to learn more,8g_s36
would come up to me on the street,8g_s37
ada wong its like fantastic i like fight,8g_s38
wong its like fantastic i like fight part,8g_s39
and then i read the script and i,8g_s40
i think that has a lot to do,8g_s41
think that has a lot to do with,8g_s42
wake up in the middle of the night,8g_s43
up in the middle of the night and,8g_s44
and he looked at me and he said,8g_s45
i didnt know what i was going to,8g_s46
over and over and over and over again,8g_s47
she is not at the forefront of the,8g_s48
is not at the forefront of the action,8g_s49
not at the forefront of the action but,8g_s50
like the whole nation is doing right now,8g_s51
the whole nation is doing right now protesting,8g_s52
whole nation is doing right now protesting i,8g_s53
nation is doing right now protesting i am,8g_s54
is doing right now protesting i am protesting,8g_s55
doing right now protesting i am protesting because,8g_s56
to be a part of the show and,8g_s57
i think a lot of people can relate,8g_s58
think a lot of people can relate to,8g_s59
it was sold to disney and gary marshall,8g_s60
was sold to disney and gary marshall came,8g_s61
sold to disney and gary marshall came on,8g_s62
to disney and gary marshall came on and,8g_s63
disney and gary marshall came on and reworked,8g_s64
and gary marshall came on and reworked it,8g_s65
comedy and but even when we were shooting,8g_s66
and but even when we were shooting we,8g_s67
but even when we were shooting we would,8g_s68
even when we were shooting we would you,8g_s69
when we were shooting we would you know,8g_s70
we were shooting we would you know break,8g_s71
were shooting we would you know break for,8g_s72
shooting we would you know break for lunch,8g_s73
we would you know break for lunch because,8g_s74
i think its a great idea i think,8g_s75
think its a great idea i think its,8g_s76
its a great idea i think its a,8g_s77
a great idea i think its a great,8g_s78
great idea i think its a great idea,8g_s79
i wanted to be a part of this,8g_s80
even national security issues with russia as putin,8g_s81
issues with russia as putin rears his head,8g_s82
with russia as putin rears his head and,8g_s83
russia as putin rears his head and comes,8g_s84
as putin rears his head and comes into,8g_s85
putin rears his head and comes into the,8g_s86
rears his head and comes into the airspace,8g_s87
his head and comes into the airspace of,8g_s88
head and comes into the airspace of the,8g_s89
and comes into the airspace of the united,8g_s90
it is from alaska that we send those,8g_s91
is from alaska that we send those out,8g_s92
from alaska that we send those out to,8g_s93
alaska that we send those out to make,8g_s94
that we send those out to make sure,8g_s95
we send those out to make sure that,8g_s96
send those out to make sure that an,8g_s97
those out to make sure that an eye,8g_s98
out to make sure that an eye is,8g_s99
to make sure that an eye is being,8g_s100
make sure that an eye is being kept,8g_s101
sure that an eye is being kept on,8g_s102
this very powerful nation russia because they are,8g_s103
very powerful nation russia because they are right,8g_s104
nation russia because they are right there they,8g_s105
russia because they are right there they are,8g_s106
because they are right there they are right,8g_s107
they are right there they are right next,8g_s108
are right there they are right next to,8g_s109
foreign country russia and on our other side,8g_s110
country russia and on our other side the,8g_s111
russia and on our other side the land,8g_s112
and on our other side the land boundary,8g_s113
on our other side the land boundary that,8g_s114
our other side the land boundary that we,8g_s115
other side the land boundary that we have,8g_s116
on another movie where youre just meeting everyone,8g_s117
another movie where youre just meeting everyone for,8g_s118
movie where youre just meeting everyone for the,8g_s119
where youre just meeting everyone for the first,8g_s120
youre just meeting everyone for the first time,8g_s121
just meeting everyone for the first time and,8g_s122
meeting everyone for the first time and sussing,8g_s123
everyone for the first time and sussing out,8g_s124
for the first time and sussing out whether,8g_s125
of just tickling up your spine you think,8g_s126
just tickling up your spine you think this,8g_s127
tickling up your spine you think this is,8g_s128
up your spine you think this is it,8g_s129
your spine you think this is it this,8g_s130
spine you think this is it this is,8g_s131
you think this is it this is the,8g_s132
think this is it this is the moment,8g_s133
this is it this is the moment when,8g_s134
is it this is the moment when the,8g_s135
it this is the moment when the thing,8g_s136
this is the moment when the thing gets,8g_s137
is the moment when the thing gets passed,8g_s138
the moment when the thing gets passed on,8g_s139
moment when the thing gets passed on and,8g_s140
when the thing gets passed on and he,8g_s141
the thing gets passed on and he looked,8g_s142
thing gets passed on and he looked at,8g_s143
gets passed on and he looked at me,8g_s144
one of the funniest people on the planet,8g_s145
i think one of the most important reasons,8g_s146
absolutely absolutely it really is a big friendship,8g_s147
absolutely it really is a big friendship on,8g_s148
it really is a big friendship on set,8g_s149
really is a big friendship on set and,8g_s150
is a big friendship on set and we,8g_s151
a big friendship on set and we are,8g_s152
big friendship on set and we are family,8g_s153
friendship on set and we are family some,8g_s154
on set and we are family some of,8g_s155
set and we are family some of us,8g_s156
i dont want to give anything away but,8g_s157
and i was like oh my god this,8g_s158
because you dont know whats going to happen,8g_s159
more i was able to learn more i,8g_s160
i hope that i can continue working because,8g_s161
hope that i can continue working because i,8g_s162
to be able to do that and i,8g_s163
people would come up to me on the,8g_s164
stuff get in the way of whats important,8g_s165
get in the way of whats important and,8g_s166
in the way of whats important and thats,8g_s167
the way of whats important and thats something,8g_s168
way of whats important and thats something that,8g_s169
of whats important and thats something that i,8g_s170
whats important and thats something that i admire,8g_s171
important and thats something that i admire and,8g_s172
and thats something that i admire and work,8g_s173
i dont know why i dont know why,8g_s174
at the end of the day you know,8g_s175
so this time i play ada wong its,8g_s176
this time i play ada wong its like,8g_s177
time i play ada wong its like fantastic,8g_s178
i play ada wong its like fantastic i,8g_s179
play ada wong its like fantastic i like,8g_s180
its like fantastic i like fight part gun,8g_s181
like to cook so like i have them,8g_s182
to cook so like i have them there,8g_s183
cook so like i have them there and,8g_s184
so like i have them there and i,8g_s185
like i have them there and i just,8g_s186
i have them there and i just like,8g_s187
have them there and i just like having,8g_s188
them there and i just like having them,8g_s189
there and i just like having them around,8g_s190
and i just like having them around me,8g_s191
the chief thing yeah not a lot of,8g_s192
chief thing yeah not a lot of sleep,8g_s193
thing yeah not a lot of sleep and,8g_s194
yeah not a lot of sleep and you,8g_s195
not a lot of sleep and you know,8g_s196
a lot of sleep and you know you,8g_s197
lot of sleep and you know you have,8g_s198
of sleep and you know you have a,8g_s199
sleep and you know you have a lot,8g_s200
and you know you have a lot of,8g_s201
you know you have a lot of like,8g_s202
know you have a lot of like weird,8g_s203
you have a lot of like weird conversations,8g_s204
have a lot of like weird conversations you,8g_s205
a lot of like weird conversations you know,8g_s206
when you have a small child like that,8g_s207
you have a small child like that who,8g_s208
have a small child like that who cant,8g_s209
a small child like that who cant understand,8g_s210
small child like that who cant understand anything,8g_s211
child like that who cant understand anything youre,8g_s212
like that who cant understand anything youre saying,8g_s213
that who cant understand anything youre saying right,8g_s214
who cant understand anything youre saying right of,8g_s215
cant understand anything youre saying right of course,8g_s216
own record label and the labels in trouble,8g_s217
record label and the labels in trouble financially,8g_s218
label and the labels in trouble financially and,8g_s219
and the labels in trouble financially and um,8g_s220
the labels in trouble financially and um and,8g_s221
labels in trouble financially and um and hes,8g_s222
in trouble financially and um and hes at,8g_s223
trouble financially and um and hes at a,8g_s224
financially and um and hes at a crossroads,8g_s225
and um and hes at a crossroads really,8g_s226
um and hes at a crossroads really like,8g_s227
and hes at a crossroads really like his,8g_s228
hes at a crossroads really like his partners,8g_s229
at a crossroads really like his partners want,8g_s230
a crossroads really like his partners want him,8g_s231
crossroads really like his partners want him to,8g_s232
really like his partners want him to sell,8g_s233
like his partners want him to sell it,8g_s234
his partners want him to sell it and,8g_s235
partners want him to sell it and he,8g_s236
want him to sell it and he refuses,8g_s237
him to sell it and he refuses to,8g_s238
to sell it and he refuses to um,8g_s239
sell it and he refuses to um and,8g_s240
it and he refuses to um and he,8g_s241
and he refuses to um and he wants,8g_s242
he refuses to um and he wants and,8g_s243
refuses to um and he wants and so,8g_s244
to um and he wants and so hes,8g_s245
um and he wants and so hes got,8g_s246
and he wants and so hes got to,8g_s247
he wants and so hes got to find,8g_s248
wants and so hes got to find the,8g_s249
and so hes got to find the next,8g_s250
so hes got to find the next big,8g_s251
hes got to find the next big thing,8g_s252
got to find the next big thing and,8g_s253
to find the next big thing and hes,8g_s254
find the next big thing and hes done,8g_s255
the next big thing and hes done it,8g_s256
next big thing and hes done it before,8g_s257
big thing and hes done it before and,8g_s258
thing and hes done it before and hes,8g_s259
and hes done it before and hes going,8g_s260
hes done it before and hes going to,8g_s261
done it before and hes going to do,8g_s262
it before and hes going to do it,8g_s263
before and hes going to do it again,8g_s264
and hes going to do it again or,8g_s265
you treat them like they do understand you,8g_s266
treat them like they do understand you so,8g_s267
them like they do understand you so you,8g_s268
like they do understand you so you know,8g_s269
they do understand you so you know i,8g_s270
do understand you so you know i hear,8g_s271
understand you so you know i hear rose,8g_s272
you so you know i hear rose having,8g_s273
so you know i hear rose having these,8g_s274
you know i hear rose having these conversations,8g_s275
know i hear rose having these conversations and,8g_s276
i hear rose having these conversations and i,8g_s277
hear rose having these conversations and i know,8g_s278
rose having these conversations and i know theres,8g_s279
having these conversations and i know theres nobody,8g_s280
these conversations and i know theres nobody in,8g_s281
conversations and i know theres nobody in the,8g_s282
and i know theres nobody in the house,8g_s283
i know theres nobody in the house except,8g_s284
know theres nobody in the house except for,8g_s285
theres nobody in the house except for this,8g_s286
nobody in the house except for this weak,8g_s287
in the house except for this weak old,8g_s288
the house except for this weak old baby,8g_s289
house except for this weak old baby and,8g_s290
except for this weak old baby and youre,8g_s291
for this weak old baby and youre hearing,8g_s292
this weak old baby and youre hearing like,8g_s293
weak old baby and youre hearing like you,8g_s294
old baby and youre hearing like you know,8g_s295
baby and youre hearing like you know well,8g_s296
and youre hearing like you know well why,8g_s297
youre hearing like you know well why dont,8g_s298
hearing like you know well why dont you,8g_s299
like you know well why dont you put,8g_s300
you know well why dont you put your,8g_s301
roses dads name is robin and rocco i,8g_s302
dads name is robin and rocco i just,8g_s303
name is robin and rocco i just always,8g_s304
is robin and rocco i just always liked,8g_s305
robin and rocco i just always liked the,8g_s306
and rocco i just always liked the name,8g_s307
rocco i just always liked the name and,8g_s308
i just always liked the name and i,8g_s309
just always liked the name and i thought,8g_s310
always liked the name and i thought it,8g_s311
liked the name and i thought it went,8g_s312
the name and i thought it went pretty,8g_s313
name and i thought it went pretty well,8g_s314
and i thought it went pretty well with,8g_s315
i thought it went pretty well with the,8g_s316
thought it went pretty well with the last,8g_s317
it went pretty well with the last name,8g_s318
yeah i was just auditioning and i needed,8g_s319
i was just auditioning and i needed you,8g_s320
was just auditioning and i needed you know,8g_s321
just auditioning and i needed you know i,8g_s322
auditioning and i needed you know i had,8g_s323
and i needed you know i had to,8g_s324
i think its going to be a really,8g_s325
four chords and its like i said simple,8g_s326
chords and its like i said simple songs,8g_s327
for the rest of my life you know,8g_s328
i think it has a lot to do,8g_s329
think it has a lot to do with,8g_s330
im not gon na im not gon na,8g_s331
at other times i may have taken greater,8g_s332
other times i may have taken greater risks,8g_s333
for example the episode that ben wrote in,8g_s334
to take greater risks to trust people ive,8g_s335
take greater risks to trust people ive met,8g_s336
and then once we get into the fight,8g_s337
then once we get into the fight scene,8g_s338
once we get into the fight scene just,8g_s339
we get into the fight scene just go,8g_s340
get into the fight scene just go crazy,8g_s341
into the fight scene just go crazy and,8g_s342
the fight scene just go crazy and improvise,8g_s343
selfpreservation but mostly for the sake of the,8g_s344
but mostly for the sake of the story,8g_s345
this scene to this scene to this scene,8g_s346
came up to me and he said you,8g_s347
but at the same time i felt like,8g_s348
why i wanted to be a part of,8g_s349
i really wanted to be a part of,8g_s350
what if matthew fox quit the show you,8g_s351
if matthew fox quit the show you know,8g_s352
matthew fox quit the show you know what,8g_s353
fox quit the show you know what if,8g_s354
quit the show you know what if terry,8g_s355
the show you know what if terry oquinn,8g_s356
and it was the first time that i,8g_s357
and i think a lot of people can,8g_s358
bumps in the road towards this this moment,8g_s359
in the road towards this this moment i,8g_s360
the road towards this this moment i actually,8g_s361
road towards this this moment i actually got,8g_s362
towards this this moment i actually got attached,8g_s363
this this moment i actually got attached to,8g_s364
this moment i actually got attached to the,8g_s365
moment i actually got attached to the the,8g_s366
i actually got attached to the the project,8g_s367
actually got attached to the the project officially,8g_s368
got attached to the the project officially in,8g_s369
attached to the the project officially in 2010,8g_s370
to the the project officially in 2010 and,8g_s371
the the project officially in 2010 and still,8g_s372
the project officially in 2010 and still we,8g_s373
project officially in 2010 and still we struggle,8g_s374
officially in 2010 and still we struggle to,8g_s375
in 2010 and still we struggle to get,8g_s376
2010 and still we struggle to get this,8g_s377
and still we struggle to get this film,8g_s378
still we struggle to get this film off,8g_s379
we struggle to get this film off the,8g_s380
struggle to get this film off the ground,8g_s381
to get this film off the ground but,8g_s382
get this film off the ground but when,8g_s383
this film off the ground but when i,8g_s384
film off the ground but when i look,8g_s385
off the ground but when i look at,8g_s386
the ground but when i look at whats,8g_s387
ground but when i look at whats going,8g_s388
but when i look at whats going on,8g_s389
when i look at whats going on in,8g_s390
i look at whats going on in the,8g_s391
look at whats going on in the nation,8g_s392
at whats going on in the nation now,8g_s393
whats going on in the nation now and,8g_s394
going on in the nation now and it,8g_s395
on in the nation now and it just,8g_s396
in the nation now and it just being,8g_s397
the nation now and it just being such,8g_s398
nation now and it just being such a,8g_s399
now and it just being such a perfect,8g_s400
and it just being such a perfect time,8g_s401
it just being such a perfect time for,8g_s402
just being such a perfect time for this,8g_s403
you know what i mean you have to,8g_s404
so i had a lot of time to,8g_s405
it over and over and over and over,8g_s406
due to her actions and her character rather,8g_s407
to her actions and her character rather than,8g_s408
that i wanted to be a part of,8g_s409
i remember back in the day i remember,8g_s410
remember back in the day i remember back,8g_s411
back in the day i remember back in,8g_s412
in the day i remember back in the,8g_s413
the day i remember back in the day,8g_s414
but at the end of the day im,8g_s415
i remember when i was a kid i,8g_s416
was a big fan of that film and,8g_s417
but at the end of the day its,8g_s418
its gon na be its gon na be,8g_s419
police department you know thank you guys and,8g_s420
department you know thank you guys and gals,8g_s421
you know thank you guys and gals out,8g_s422
know thank you guys and gals out there,8g_s423
i havent been able to breathe like the,8g_s424
havent been able to breathe like the whole,8g_s425
been able to breathe like the whole nation,8g_s426
able to breathe like the whole nation is,8g_s427
to breathe like the whole nation is doing,8g_s428
breathe like the whole nation is doing right,8g_s429
right now protesting i am protesting because of,8g_s430
now protesting i am protesting because of the,8g_s431
protesting i am protesting because of the unresolved,8g_s432
you know one of the things that i,8g_s433
do this i dont want to do this,8g_s434
at the end of the day it is,8g_s435
to be a part of a story that,8g_s436
i was about five or six years old,8g_s437
but in this one i think shes very,8g_s438
in this one i think shes very empowered,8g_s439
this one i think shes very empowered and,8g_s440
one i think shes very empowered and i,8g_s441
i think shes very empowered and i think,8g_s442
think shes very empowered and i think that,8g_s443
shes very empowered and i think that women,8g_s444
very empowered and i think that women will,8g_s445
empowered and i think that women will really,8g_s446
and i think that women will really relate,8g_s447
i think that women will really relate to,8g_s448
drama theres often the challenge of how do,8g_s449
theres often the challenge of how do you,8g_s450
often the challenge of how do you make,8g_s451
the challenge of how do you make that,8g_s452
challenge of how do you make that relatable,8g_s453
of how do you make that relatable and,8g_s454
how do you make that relatable and how,8g_s455
do you make that relatable and how do,8g_s456
you make that relatable and how do you,8g_s457
make that relatable and how do you make,8g_s458
that relatable and how do you make that,8g_s459
relatable and how do you make that accessible,8g_s460
and how do you make that accessible to,8g_s461
how do you make that accessible to an,8g_s462
do you make that accessible to an audience,8g_s463
you make that accessible to an audience now,8g_s464
make that accessible to an audience now and,8g_s465
that accessible to an audience now and i,8g_s466
accessible to an audience now and i think,8g_s467
to an audience now and i think the,8g_s468
an audience now and i think the fact,8g_s469
audience now and i think the fact that,8g_s470
now and i think the fact that women,8g_s471
group in her class like theres no other,8g_s472
in her class like theres no other at,8g_s473
her class like theres no other at the,8g_s474
class like theres no other at the time,8g_s475
like theres no other at the time i,8g_s476
theres no other at the time i mean,8g_s477
and i think its going to be a,8g_s478
in a short time you will be a,8g_s479
a short time you will be a grandfather,8g_s480
the united states they went to see me,8g_s481
united states they went to see me in,8g_s482
it was just one of those total nightmare,8g_s483
was just one of those total nightmare lead,8g_s484
just one of those total nightmare lead front,8g_s485
one of those total nightmare lead front vocals,8g_s486
of those total nightmare lead front vocals guys,8g_s487
on the side of the road and i,8g_s488
would you know break for lunch because wed,8g_s489
in front of the camera behind the camera,8g_s490
and at the end of the day he,8g_s491
but i think its important to say that,8g_s492
lose contractions when were speaking how people change,8g_s493
contractions when were speaking how people change the,8g_s494
when were speaking how people change the way,8g_s495
were speaking how people change the way they,8g_s496
speaking how people change the way they speak,8g_s497
how people change the way they speak based,8g_s498
people change the way they speak based on,8g_s499
change the way they speak based on what,8g_s500
bye bye bye bye bye bye bye bye,8g_s501
rocks and finishing them because thats how i,8g_s502
and finishing them because thats how i roll,8g_s503
finishing them because thats how i roll i,8g_s504
them because thats how i roll i have,8g_s505
because thats how i roll i have one,8g_s506
thats how i roll i have one speed,8g_s507
how i roll i have one speed i,8g_s508
i roll i have one speed i have,8g_s509
roll i have one speed i have one,8g_s510
gram rocks and finishing them because thats how,8g_s511
thank you ms thank you ms thank you,8g_s512
you ms thank you ms thank you ms,8g_s513
i have one speed i have one gear,8g_s514
ms thank you ms thank you ms thank,8g_s515
onionskin yeah onionskin yeah onionskin yeah onionskin yeah,8g_s516
seven gram rocks and finishing them because thats,8g_s517
different i just have a different constitution i,8g_s518
i just have a different constitution i have,8g_s519
just have a different constitution i have a,8g_s520
have a different constitution i have a different,8g_s521
a different constitution i have a different brain,8g_s522
yeah onionskin yeah onionskin yeah onionskin yeah onionskin,8g_s523
me im different i just have a different,8g_s524
im different i just have a different constitution,8g_s525
magic i expose them to something theyre never,8g_s526
i expose them to something theyre never otherwise,8g_s527
said he said he said he said he,8g_s528
he said he said he said he said,8g_s529
it doesnt seem at all fair to me,8g_s530
doesnt seem at all fair to me particularly,8g_s531
seem at all fair to me particularly when,8g_s532
at all fair to me particularly when there,8g_s533
all fair to me particularly when there is,8g_s534
fair to me particularly when there is so,8g_s535
to me particularly when there is so much,8g_s536
me particularly when there is so much wealth,8g_s537
particularly when there is so much wealth around,8g_s538
have one speed i have one gear go,8g_s539
different constitution i have a different brain i,8g_s540
constitution i have a different brain i have,8g_s541
i have a different brain i have a,8g_s542
have a different brain i have a different,8g_s543
a different brain i have a different heart,8g_s544
expose them to something theyre never otherwise going,8g_s545
them to something theyre never otherwise going to,8g_s546
to something theyre never otherwise going to see,8g_s547
man i was banging seven gram rocks and,8g_s548
i was banging seven gram rocks and finishing,8g_s549
was banging seven gram rocks and finishing them,8g_s550
banging seven gram rocks and finishing them because,8g_s551
like he had a concussion last year i,8g_s552
he had a concussion last year i mean,8g_s553
had a concussion last year i mean he,8g_s554
a concussion last year i mean he has,8g_s555
concussion last year i mean he has concussions,8g_s556
last year i mean he has concussions pretty,8g_s557
year i mean he has concussions pretty much,8g_s558
we dont talk about but he does have,8g_s559
dont talk about but he does have concussions,8g_s560
talked a lot about what its like to,8g_s561
a lot about what its like to be,8g_s562
i could pick that apart for two hours,8g_s563
when i was still taking drugs i was,8g_s564
i was still taking drugs i was a,8g_s565
was still taking drugs i was a whirling,8g_s566
still taking drugs i was a whirling psychotic,8g_s567
taking drugs i was a whirling psychotic a,8g_s568
drugs i was a whirling psychotic a frequenter,8g_s569
i was a whirling psychotic a frequenter of,8g_s570
was a whirling psychotic a frequenter of crack,8g_s571
a whirling psychotic a frequenter of crack houses,8g_s572
whirling psychotic a frequenter of crack houses whore,8g_s573
psychotic a frequenter of crack houses whore houses,8g_s574
a frequenter of crack houses whore houses i,8g_s575
frequenter of crack houses whore houses i was,8g_s576
of crack houses whore houses i was a,8g_s577
crack houses whore houses i was a lunatic,8g_s578
houses whore houses i was a lunatic i,8g_s579
whore houses i was a lunatic i was,8g_s580
houses i was a lunatic i was ever,8g_s581
i was a lunatic i was ever in,8g_s582
was a lunatic i was ever in jail,8g_s583
a lunatic i was ever in jail cells,8g_s584
lunatic i was ever in jail cells i,8g_s585
i was ever in jail cells i was,8g_s586
was ever in jail cells i was forever,8g_s587
ever in jail cells i was forever in,8g_s588
in jail cells i was forever in all,8g_s589
i have the shirt the nipples that i,8g_s590
have the shirt the nipples that i have,8g_s591
the shirt the nipples that i have theyre,8g_s592
shirt the nipples that i have theyre still,8g_s593
the nipples that i have theyre still living,8g_s594
nipples that i have theyre still living like,8g_s595
when there is so much wealth around youre,8g_s596
there is so much wealth around youre told,8g_s597
is so much wealth around youre told theres,8g_s598
so much wealth around youre told theres no,8g_s599
much wealth around youre told theres no money,8g_s600
i cant do anything im like trying to,8g_s601
cant do anything im like trying to look,8g_s602
do anything im like trying to look im,8g_s603
anything im like trying to look im trying,8g_s604
im like trying to look im trying to,8g_s605
like trying to look im trying to get,8g_s606
trying to look im trying to get all,8g_s607
to look im trying to get all my,8g_s608
look im trying to get all my kicks,8g_s609
im trying to get all my kicks just,8g_s610
trying to get all my kicks just basically,8g_s611
to get all my kicks just basically out,8g_s612
get all my kicks just basically out of,8g_s613
all my kicks just basically out of this,8g_s614
my kicks just basically out of this shirt,8g_s615
kicks just basically out of this shirt and,8g_s616
just basically out of this shirt and how,8g_s617
basically out of this shirt and how it,8g_s618
out of this shirt and how it feels,8g_s619
of this shirt and how it feels on,8g_s620
this shirt and how it feels on my,8g_s621
this it doesnt seem at all fair to,8g_s622
theyre not supported and when theyre not given,8g_s623
not supported and when theyre not given the,8g_s624
supported and when theyre not given the love,8g_s625
and when theyre not given the love that,8g_s626
when theyre not given the love that they,8g_s627
theyre not given the love that they need,8g_s628
not given the love that they need theyre,8g_s629
given the love that they need theyre not,8g_s630
the love that they need theyre not supported,8g_s631
more expensive than the standard its a relatively,8g_s632
expensive than the standard its a relatively more,8g_s633
than the standard its a relatively more expensive,8g_s634
the standard its a relatively more expensive than,8g_s635
the run i was on made sinatra flynn,8g_s636
run i was on made sinatra flynn jagger,8g_s637
i was on made sinatra flynn jagger richards,8g_s638
was on made sinatra flynn jagger richards all,8g_s639
people to magic i expose them to something,8g_s640
to magic i expose them to something theyre,8g_s641
know man i was banging seven gram rocks,8g_s642
different brain i have a different heart i,8g_s643
brain i have a different heart i have,8g_s644
i have a different heart i have a,8g_s645
have a different heart i have a different,8g_s646
between me and the president of the united,8g_s647
me and the president of the united states,8g_s648
in the beginning of the game and after,8g_s649
at the end of the day we are,8g_s650
an aggressive sport right football like he had,8g_s651
aggressive sport right football like he had a,8g_s652
sport right football like he had a concussion,8g_s653
right football like he had a concussion last,8g_s654
football like he had a concussion last year,8g_s655
i mean he has concussions pretty much i,8g_s656
mean he has concussions pretty much i mean,8g_s657
he has concussions pretty much i mean we,8g_s658
has concussions pretty much i mean we dont,8g_s659
concussions pretty much i mean we dont talk,8g_s660
pretty much i mean we dont talk about,8g_s661
much i mean we dont talk about but,8g_s662
i mean we dont talk about but he,8g_s663
mean we dont talk about but he does,8g_s664
keeps you on the edge of your seat,8g_s665
wanted to be a part of it and,8g_s666
it was electric really and it was like,8g_s667
us a great boost for the start and,8g_s668
a great boost for the start and then,8g_s669
great boost for the start and then we,8g_s670
boost for the start and then we carried,8g_s671
way we played the final very intelligent team,8g_s672
we played the final very intelligent team we,8g_s673
played the final very intelligent team we knew,8g_s674
the final very intelligent team we knew exactly,8g_s675
final very intelligent team we knew exactly how,8g_s676
very intelligent team we knew exactly how to,8g_s677
intelligent team we knew exactly how to win,8g_s678
the players you need to be lucky with,8g_s679
players you need to be lucky with the,8g_s680
they really push each others buttons so intensely,8g_s681
really push each others buttons so intensely we,8g_s682
push each others buttons so intensely we talked,8g_s683
each others buttons so intensely we talked a,8g_s684
others buttons so intensely we talked a lot,8g_s685
buttons so intensely we talked a lot about,8g_s686
so intensely we talked a lot about that,8g_s687
intensely we talked a lot about that we,8g_s688
we talked a lot about that we talked,8g_s689
talked a lot about that we talked a,8g_s690
a lot about that we talked a lot,8g_s691
lot about that we talked a lot about,8g_s692
about that we talked a lot about what,8g_s693
that we talked a lot about what its,8g_s694
we talked a lot about what its like,8g_s695
lot about what its like to be a,8g_s696
about what its like to be a mother,8g_s697
trying so hard to grasp onto things to,8g_s698
so hard to grasp onto things to keep,8g_s699
hard to grasp onto things to keep her,8g_s700
to grasp onto things to keep her safe,8g_s701
grasp onto things to keep her safe and,8g_s702
onto things to keep her safe and keep,8g_s703
things to keep her safe and keep her,8g_s704
to keep her safe and keep her okay,8g_s705
understand the loss that this family has felt,8g_s706
the loss that this family has felt from,8g_s707
loss that this family has felt from the,8g_s708
that this family has felt from the loss,8g_s709
this family has felt from the loss of,8g_s710
family has felt from the loss of this,8g_s711
has felt from the loss of this guy,8g_s712
felt from the loss of this guy who,8g_s713
from the loss of this guy who just,8g_s714
the loss of this guy who just was,8g_s715
loss of this guy who just was sort,8g_s716
of this guy who just was sort of,8g_s717
this guy who just was sort of that,8g_s718
guy who just was sort of that perfect,8g_s719
who just was sort of that perfect father,8g_s720
just was sort of that perfect father perfect,8g_s721
was sort of that perfect father perfect husband,8g_s722
sort of that perfect father perfect husband you,8g_s723
of that perfect father perfect husband you know,8g_s724
that perfect father perfect husband you know able,8g_s725
perfect father perfect husband you know able to,8g_s726
father perfect husband you know able to be,8g_s727
perfect husband you know able to be a,8g_s728
husband you know able to be a cheerleader,8g_s729
you know able to be a cheerleader and,8g_s730
know able to be a cheerleader and also,8g_s731
able to be a cheerleader and also say,8g_s732
to be a cheerleader and also say hard,8g_s733
be a cheerleader and also say hard things,8g_s734
a cheerleader and also say hard things and,8g_s735
cheerleader and also say hard things and also,8g_s736
and also say hard things and also be,8g_s737
also say hard things and also be a,8g_s738
say hard things and also be a support,8g_s739
hard things and also be a support i,8g_s740
things and also be a support i mean,8g_s741
and also be a support i mean its,8g_s742
also be a support i mean its just,8g_s743
be a support i mean its just its,8g_s744
a support i mean its just its pretty,8g_s745
support i mean its just its pretty remarkable,8g_s746
i mean its just its pretty remarkable that,8g_s747
mean its just its pretty remarkable that she,8g_s748
its just its pretty remarkable that she was,8g_s749
just its pretty remarkable that she was able,8g_s750
its pretty remarkable that she was able to,8g_s751
history is you know what her backstory is,8g_s752
is you know what her backstory is and,8g_s753
you know what her backstory is and how,8g_s754
know what her backstory is and how she,8g_s755
what her backstory is and how she feels,8g_s756
her backstory is and how she feels about,8g_s757
backstory is and how she feels about nadine,8g_s758
is and how she feels about nadine and,8g_s759
and how she feels about nadine and why,8g_s760
mona so much i mean there was no,8g_s761
so much i mean there was no part,8g_s762
much i mean there was no part of,8g_s763
i mean there was no part of me,8g_s764
mean there was no part of me that,8g_s765
there was no part of me that thought,8g_s766
was no part of me that thought you,8g_s767
no part of me that thought you know,8g_s768
part of me that thought you know shes,8g_s769
of me that thought you know shes kind,8g_s770
me that thought you know shes kind of,8g_s771
that thought you know shes kind of a,8g_s772
thought you know shes kind of a pain,8g_s773
you know shes kind of a pain or,8g_s774
know shes kind of a pain or shes,8g_s775
shes kind of a pain or shes not,8g_s776
kind of a pain or shes not really,8g_s777
of a pain or shes not really likable,8g_s778
a pain or shes not really likable or,8g_s779
pain or shes not really likable or anything,8g_s780
or shes not really likable or anything like,8g_s781
shes not really likable or anything like that,8g_s782
not really likable or anything like that i,8g_s783
really likable or anything like that i mean,8g_s784
likable or anything like that i mean shes,8g_s785
or anything like that i mean shes and,8g_s786
anything like that i mean shes and shes,8g_s787
like that i mean shes and shes perhaps,8g_s788
that i mean shes and shes perhaps some,8g_s789
i mean shes and shes perhaps some people,8g_s790
mean shes and shes perhaps some people will,8g_s791
shes and shes perhaps some people will feel,8g_s792
and shes perhaps some people will feel that,8g_s793
shes perhaps some people will feel that way,8g_s794
perhaps some people will feel that way about,8g_s795
some people will feel that way about her,8g_s796
people will feel that way about her you,8g_s797
will feel that way about her you know,8g_s798
feel that way about her you know that,8g_s799
that way about her you know that shes,8g_s800
way about her you know that shes a,8g_s801
about her you know that shes a pain,8g_s802
her you know that shes a pain and,8g_s803
you know that shes a pain and that,8g_s804
know that shes a pain and that shes,8g_s805
that shes a pain and that shes not,8g_s806
shes a pain and that shes not likable,8g_s807
a pain and that shes not likable but,8g_s808
pain and that shes not likable but to,8g_s809
and that shes not likable but to me,8g_s810
that shes not likable but to me shes,8g_s811
shes not likable but to me shes someone,8g_s812
not likable but to me shes someone whos,8g_s813
likable but to me shes someone whos just,8g_s814
but to me shes someone whos just trying,8g_s815
to me shes someone whos just trying to,8g_s816
me shes someone whos just trying to do,8g_s817
shes someone whos just trying to do better,8g_s818
someone whos just trying to do better and,8g_s819
whos just trying to do better and trying,8g_s820
just trying to do better and trying to,8g_s821
trying to do better and trying to figure,8g_s822
to do better and trying to figure it,8g_s823
do better and trying to figure it out,8g_s824
better and trying to figure it out and,8g_s825
and trying to figure it out and is,8g_s826
trying to figure it out and is in,8g_s827
to figure it out and is in a,8g_s828
figure it out and is in a situation,8g_s829
it out and is in a situation thats,8g_s830
out and is in a situation thats really,8g_s831
and is in a situation thats really not,8g_s832
is in a situation thats really not what,8g_s833
in a situation thats really not what she,8g_s834
a situation thats really not what she expected,8g_s835
situation thats really not what she expected i,8g_s836
thats really not what she expected i mean,8g_s837
really not what she expected i mean she,8g_s838
not what she expected i mean she fully,8g_s839
what she expected i mean she fully expected,8g_s840
she expected i mean she fully expected to,8g_s841
expected i mean she fully expected to have,8g_s842
i mean she fully expected to have her,8g_s843
mean she fully expected to have her husband,8g_s844
she fully expected to have her husband with,8g_s845
fully expected to have her husband with her,8g_s846
expected to have her husband with her for,8g_s847
to have her husband with her for the,8g_s848
have her husband with her for the rest,8g_s849
her husband with her for the rest of,8g_s850
husband with her for the rest of her,8g_s851
with her for the rest of her life,8g_s852
her for the rest of her life helping,8g_s853
for the rest of her life helping her,8g_s854
the rest of her life helping her raise,8g_s855
rest of her life helping her raise these,8g_s856
of her life helping her raise these two,8g_s857
her life helping her raise these two kids,8g_s858
life helping her raise these two kids and,8g_s859
helping her raise these two kids and suddenly,8g_s860
her raise these two kids and suddenly shes,8g_s861
raise these two kids and suddenly shes all,8g_s862
these two kids and suddenly shes all alone,8g_s863
two kids and suddenly shes all alone in,8g_s864
kids and suddenly shes all alone in the,8g_s865
and suddenly shes all alone in the world,8g_s866
suddenly shes all alone in the world and,8g_s867
shes all alone in the world and somebody,8g_s868
all alone in the world and somebody who,8g_s869
alone in the world and somebody who never,8g_s870
in the world and somebody who never really,8g_s871
the world and somebody who never really had,8g_s872
world and somebody who never really had a,8g_s873
and somebody who never really had a lot,8g_s874
somebody who never really had a lot of,8g_s875
who never really had a lot of tools,8g_s876
never really had a lot of tools to,8g_s877
really had a lot of tools to begin,8g_s878
had a lot of tools to begin with,8g_s879
a lot of tools to begin with alone,8g_s880
lot of tools to begin with alone in,8g_s881
of tools to begin with alone in the,8g_s882
tools to begin with alone in the world,8g_s883
to begin with alone in the world and,8g_s884
there and you really get that from the,8g_s885
and you really get that from the first,8g_s886
you really get that from the first scene,8g_s887
really get that from the first scene with,8g_s888
get that from the first scene with her,8g_s889
that from the first scene with her husband,8g_s890
from the first scene with her husband hes,8g_s891
hes there for such a short amount of,8g_s892
there for such a short amount of the,8g_s893
for such a short amount of the script,8g_s894
such a short amount of the script and,8g_s895
you will really see the hole that is,8g_s896
will really see the hole that is left,8g_s897
really see the hole that is left in,8g_s898
see the hole that is left in this,8g_s899
the hole that is left in this family,8g_s900
hole that is left in this family when,8g_s901
that is left in this family when that,8g_s902
is left in this family when that father,8g_s903
left in this family when that father goes,8g_s904
in this family when that father goes and,8g_s905
this family when that father goes and she,8g_s906
family when that father goes and she does,8g_s907
when that father goes and she does it,8g_s908
that father goes and she does it in,8g_s909
father goes and she does it in such,8g_s910
goes and she does it in such a,8g_s911
and how hard it is to be a,8g_s912
how hard it is to be a mom,8g_s913
hard it is to be a mom it,8g_s914
it is to be a mom it really,8g_s915
is to be a mom it really is,8g_s916
to be a mom it really is hard,8g_s917
be a mom it really is hard and,8g_s918
a mom it really is hard and you,8g_s919
mom it really is hard and you know,8g_s920
it really is hard and you know you,8g_s921
really is hard and you know you want,8g_s922
is hard and you know you want to,8g_s923
hard and you know you want to do,8g_s924
and you know you want to do it,8g_s925
you know you want to do it perfectly,8g_s926
know you want to do it perfectly and,8g_s927
you want to do it perfectly and you,8g_s928
want to do it perfectly and you just,8g_s929
to do it perfectly and you just dont,8g_s930
do it perfectly and you just dont and,8g_s931
it perfectly and you just dont and cant,8g_s932
perfectly and you just dont and cant and,8g_s933
and you just dont and cant and i,8g_s934
you just dont and cant and i think,8g_s935
just dont and cant and i think that,8g_s936
im just not up to the task that,8g_s937
just not up to the task that was,8g_s938
not up to the task that was sort,8g_s939
up to the task that was sort of,8g_s940
to the task that was sort of the,8g_s941
the task that was sort of the thing,8g_s942
task that was sort of the thing that,8g_s943
that was sort of the thing that kelly,8g_s944
was sort of the thing that kelly said,8g_s945
sort of the thing that kelly said a,8g_s946
of the thing that kelly said a lot,8g_s947
i mean at the end of the day,8g_s948
i wouldnt say actually i wouldnt say im,8g_s949
wouldnt say actually i wouldnt say im a,8g_s950
things you said in an interview that made,8g_s951
you said in an interview that made sense,8g_s952
said in an interview that made sense to,8g_s953
in an interview that made sense to you,8g_s954
an interview that made sense to you at,8g_s955
interview that made sense to you at the,8g_s956
that made sense to you at the time,8g_s957
made sense to you at the time i,8g_s958
sense to you at the time i could,8g_s959
to you at the time i could pick,8g_s960
you at the time i could pick that,8g_s961
saying that im such a fantasist that i,8g_s962
that im such a fantasist that i felt,8g_s963
im such a fantasist that i felt like,8g_s964
such a fantasist that i felt like i,8g_s965
a fantasist that i felt like i was,8g_s966
fantasist that i felt like i was tony,8g_s967
that i felt like i was tony stark,8g_s968
i felt like i was tony stark but,8g_s969
felt like i was tony stark but i,8g_s970
like i was tony stark but i felt,8g_s971
i was tony stark but i felt like,8g_s972
was tony stark but i felt like it,8g_s973
tony stark but i felt like it was,8g_s974
stark but i felt like it was my,8g_s975
has a watch that kind of turns into,8g_s976
a watch that kind of turns into a,8g_s977
when i grew up there just to give,8g_s978
i grew up there just to give you,8g_s979
grew up there just to give you an,8g_s980
up there just to give you an image,8g_s981
there just to give you an image of,8g_s982
just to give you an image of it,8g_s983
to give you an image of it its,8g_s984
give you an image of it its like,8g_s985
you an image of it its like the,8g_s986
an image of it its like the people,8g_s987
image of it its like the people are,8g_s988
of it its like the people are really,8g_s989
it its like the people are really lovely,8g_s990
its like the people are really lovely but,8g_s991
like the people are really lovely but the,8g_s992
the people are really lovely but the place,8g_s993
people are really lovely but the place stinks,8g_s994
are really lovely but the place stinks like,8g_s995
really lovely but the place stinks like new,8g_s996
lovely but the place stinks like new jersey,8g_s997
but the place stinks like new jersey maybe,8g_s998
the old self me from where i emanate,8g_s999
im estelle harris and im proud to be,8g_s1000
estelle harris and im proud to be a,8g_s1001
harris and im proud to be a braveheart,8g_s1002
and im proud to be a braveheart woman,8g_s1003
i think its a really good movie and,8g_s1004
think its a really good movie and i,8g_s1005
its a really good movie and i think,8g_s1006
a really good movie and i think its,8g_s1007
really good movie and i think its a,8g_s1008
good movie and i think its a really,8g_s1009
movie and i think its a really good,8g_s1010
and i think its a really good movie,8g_s1011
no he does have gun will travel i,8g_s1012
interesting and effective because theyre very grassroot oriented,8g_s1013
and effective because theyre very grassroot oriented and,8g_s1014
effective because theyre very grassroot oriented and i,8g_s1015
because theyre very grassroot oriented and i think,8g_s1016
theyre very grassroot oriented and i think that,8g_s1017
very grassroot oriented and i think that was,8g_s1018
grassroot oriented and i think that was the,8g_s1019
oriented and i think that was the success,8g_s1020
and i think that was the success of,8g_s1021
i think that was the success of being,8g_s1022
think that was the success of being on,8g_s1023
that was the success of being on the,8g_s1024
was the success of being on the obama,8g_s1025
the success of being on the obama campaign,8g_s1026
success of being on the obama campaign and,8g_s1027
of being on the obama campaign and seeing,8g_s1028
being on the obama campaign and seeing their,8g_s1029
on the obama campaign and seeing their their,8g_s1030
the obama campaign and seeing their their ground,8g_s1031
obama campaign and seeing their their ground operation,8g_s1032
campaign and seeing their their ground operation it,8g_s1033
and seeing their their ground operation it really,8g_s1034
seeing their their ground operation it really takes,8g_s1035
their their ground operation it really takes a,8g_s1036
their ground operation it really takes a doortodoor,8g_s1037
ground operation it really takes a doortodoor approach,8g_s1038
operation it really takes a doortodoor approach and,8g_s1039
it really takes a doortodoor approach and i,8g_s1040
really takes a doortodoor approach and i think,8g_s1041
takes a doortodoor approach and i think thats,8g_s1042
a doortodoor approach and i think thats something,8g_s1043
which helped fundraise for the national election and,8g_s1044
helped fundraise for the national election and we,8g_s1045
fundraise for the national election and we had,8g_s1046
for the national election and we had such,8g_s1047
the national election and we had such success,8g_s1048
national election and we had such success we,8g_s1049
election and we had such success we raised,8g_s1050
and we had such success we raised over,8g_s1051
to have a good answer for that and,8g_s1052
have a good answer for that and thats,8g_s1053
a good answer for that and thats what,8g_s1054
good answer for that and thats what everybody,8g_s1055
answer for that and thats what everybody out,8g_s1056
for that and thats what everybody out there,8g_s1057
that and thats what everybody out there is,8g_s1058
and thats what everybody out there is asking,8g_s1059
thats what everybody out there is asking especially,8g_s1060
what everybody out there is asking especially in,8g_s1061
everybody out there is asking especially in the,8g_s1062
out there is asking especially in the hispanic,8g_s1063
there is asking especially in the hispanic community,8g_s1064
um will help with uh with those issues,8g_s1065
will help with uh with those issues that,8g_s1066
help with uh with those issues that particularly,8g_s1067
with uh with those issues that particularly were,8g_s1068
uh with those issues that particularly were having,8g_s1069
with those issues that particularly were having here,8g_s1070
those issues that particularly were having here in,8g_s1071
issues that particularly were having here in in,8g_s1072
that particularly were having here in in texas,8g_s1073
particularly were having here in in texas so,8g_s1074
were having here in in texas so itll,8g_s1075
having here in in texas so itll be,8g_s1076
here in in texas so itll be interesting,8g_s1077
in in texas so itll be interesting i,8g_s1078
in texas so itll be interesting i think,8g_s1079
texas so itll be interesting i think i,8g_s1080
so itll be interesting i think i think,8g_s1081
itll be interesting i think i think you,8g_s1082
be interesting i think i think you know,8g_s1083
whether its sexual equality marriage equality equal pay,8g_s1084
its sexual equality marriage equality equal pay reproduction,8g_s1085
sexual equality marriage equality equal pay reproduction rights,8g_s1086
equality marriage equality equal pay reproduction rights i,8g_s1087
marriage equality equal pay reproduction rights i mean,8g_s1088
equality equal pay reproduction rights i mean and,8g_s1089
equal pay reproduction rights i mean and im,8g_s1090
pay reproduction rights i mean and im hoping,8g_s1091
reproduction rights i mean and im hoping that,8g_s1092
rights i mean and im hoping that this,8g_s1093
i mean and im hoping that this younger,8g_s1094
mean and im hoping that this younger generation,8g_s1095
and im hoping that this younger generation which,8g_s1096
im hoping that this younger generation which tends,8g_s1097
hoping that this younger generation which tends to,8g_s1098
that this younger generation which tends to be,8g_s1099
this younger generation which tends to be largely,8g_s1100
hispanics you know do have some conservative values,8g_s1101
you know do have some conservative values whether,8g_s1102
know do have some conservative values whether its,8g_s1103
do have some conservative values whether its through,8g_s1104
have some conservative values whether its through religion,8g_s1105
some conservative values whether its through religion or,8g_s1106
conservative values whether its through religion or upbringing,8g_s1107
most of the millennials are hispanic the people,8g_s1108
of the millennials are hispanic the people that,8g_s1109
the millennials are hispanic the people that are,8g_s1110
millennials are hispanic the people that are coming,8g_s1111
are hispanic the people that are coming up,8g_s1112
hispanic the people that are coming up which,8g_s1113
the people that are coming up which means,8g_s1114
people that are coming up which means theyre,8g_s1115
that are coming up which means theyre young,8g_s1116
are coming up which means theyre young which,8g_s1117
coming up which means theyre young which means,8g_s1118
up which means theyre young which means theyve,8g_s1119
which means theyre young which means theyve grown,8g_s1120
means theyre young which means theyve grown up,8g_s1121
theyre young which means theyve grown up with,8g_s1122
is voter education i mean just making them,8g_s1123
voter education i mean just making them aware,8g_s1124
education i mean just making them aware of,8g_s1125
i mean just making them aware of how,8g_s1126
mean just making them aware of how policies,8g_s1127
just making them aware of how policies disproportionately,8g_s1128
making them aware of how policies disproportionately affect,8g_s1129
them aware of how policies disproportionately affect them,8g_s1130
because i believe that if you get an,8g_s1131
i believe that if you get an education,8g_s1132
believe that if you get an education you,8g_s1133
that if you get an education you can,8g_s1134
i raised my hand and told mrs johnson,8g_s1135
raised my hand and told mrs johnson what,8g_s1136
to work with him was not always the,8g_s1137
work with him was not always the most,8g_s1138
with him was not always the most exciting,8g_s1139
him was not always the most exciting thing,8g_s1140
was not always the most exciting thing in,8g_s1141
not always the most exciting thing in the,8g_s1142
always the most exciting thing in the world,8g_s1143
the most exciting thing in the world in,8g_s1144
most exciting thing in the world in the,8g_s1145
exciting thing in the world in the manner,8g_s1146
thing in the world in the manner in,8g_s1147
should still have a kind of show like,8g_s1148
probably torturing his ass right now trying to,8g_s1149
torturing his ass right now trying to find,8g_s1150
his ass right now trying to find out,8g_s1151
ass right now trying to find out what,8g_s1152
right now trying to find out what the,8g_s1153
now trying to find out what the fuck,8g_s1154
trying to find out what the fuck he,8g_s1155
to find out what the fuck he know,8g_s1156
find out what the fuck he know or,8g_s1157
out what the fuck he know or didnt,8g_s1158
what the fuck he know or didnt know,8g_s1159
the fuck he know or didnt know and,8g_s1160
fuck he know or didnt know and the,8g_s1161
he know or didnt know and the rest,8g_s1162
know or didnt know and the rest of,8g_s1163
or didnt know and the rest of the,8g_s1164
didnt know and the rest of the prayers,8g_s1165
know and the rest of the prayers going,8g_s1166
and the rest of the prayers going out,8g_s1167
the rest of the prayers going out to,8g_s1168
rest of the prayers going out to the,8g_s1169
of the prayers going out to the families,8g_s1170
the prayers going out to the families of,8g_s1171
prayers going out to the families of those,8g_s1172
going out to the families of those who,8g_s1173
out to the families of those who have,8g_s1174
to the families of those who have family,8g_s1175
the families of those who have family members,8g_s1176
should have been stopped we need to have,8g_s1177
have been stopped we need to have the,8g_s1178
been stopped we need to have the international,8g_s1179
stopped we need to have the international criminal,8g_s1180
we need to have the international criminal court,8g_s1181
need to have the international criminal court we,8g_s1182
to have the international criminal court we need,8g_s1183
have the international criminal court we need to,8g_s1184
the international criminal court we need to have,8g_s1185
international criminal court we need to have that,8g_s1186
criminal court we need to have that with,8g_s1187
court we need to have that with teeth,8g_s1188
we need to have that with teeth all,8g_s1189
need to have that with teeth all dictators,8g_s1190
to have that with teeth all dictators should,8g_s1191
have that with teeth all dictators should immediately,8g_s1192
that with teeth all dictators should immediately go,8g_s1193
with teeth all dictators should immediately go and,8g_s1194
teeth all dictators should immediately go and have,8g_s1195
all dictators should immediately go and have life,8g_s1196
dictators should immediately go and have life imprisonment,8g_s1197
should immediately go and have life imprisonment you,8g_s1198
immediately go and have life imprisonment you dont,8g_s1199
go and have life imprisonment you dont even,8g_s1200
and have life imprisonment you dont even need,8g_s1201
have life imprisonment you dont even need to,8g_s1202
life imprisonment you dont even need to try,8g_s1203
imprisonment you dont even need to try them,8g_s1204
you dont even need to try them if,8g_s1205
dont even need to try them if you,8g_s1206
even need to try them if you think,8g_s1207
need to try them if you think about,8g_s1208
to try them if you think about it,8g_s1209
try them if you think about it because,8g_s1210
them if you think about it because you,8g_s1211
if you think about it because you dont,8g_s1212
you think about it because you dont need,8g_s1213
think about it because you dont need to,8g_s1214
about it because you dont need to prove,8g_s1215
want a classic rock story yeah i when,8g_s1216
a classic rock story yeah i when i,8g_s1217
classic rock story yeah i when i was,8g_s1218
rock story yeah i when i was 14,8g_s1219
story yeah i when i was 14 years,8g_s1220
yeah i when i was 14 years old,8g_s1221
i when i was 14 years old i,8g_s1222
when i was 14 years old i went,8g_s1223
i was 14 years old i went for,8g_s1224
somethings afoot and hes happy when hes talking,8g_s1225
hes not as big a legend as he,8g_s1226
not as big a legend as he thinks,8g_s1227
as big a legend as he thinks he,8g_s1228
big a legend as he thinks he is,8g_s1229
a legend as he thinks he is and,8g_s1230
legend as he thinks he is and that,8g_s1231
as he thinks he is and that the,8g_s1232
he thinks he is and that the town,8g_s1233
thinks he is and that the town wasnt,8g_s1234
he is and that the town wasnt all,8g_s1235
is and that the town wasnt all it,8g_s1236
and that the town wasnt all it was,8g_s1237
that the town wasnt all it was cracked,8g_s1238
the town wasnt all it was cracked up,8g_s1239
town wasnt all it was cracked up to,8g_s1240
wasnt all it was cracked up to be,8g_s1241
all it was cracked up to be anyway,8g_s1242
it was cracked up to be anyway so,8g_s1243
was cracked up to be anyway so i,8g_s1244
cracked up to be anyway so i think,8g_s1245
up to be anyway so i think in,8g_s1246
to be anyway so i think in this,8g_s1247
be anyway so i think in this particular,8g_s1248
anyway so i think in this particular case,8g_s1249
so i think in this particular case it,8g_s1250
i think in this particular case it was,8g_s1251
think in this particular case it was something,8g_s1252
in this particular case it was something like,8g_s1253
this particular case it was something like this,8g_s1254
particular case it was something like this is,8g_s1255
case it was something like this is the,8g_s1256
accept that more readily than the idea that,8g_s1257
that more readily than the idea that hes,8g_s1258
more readily than the idea that hes getting,8g_s1259
readily than the idea that hes getting older,8g_s1260
than the idea that hes getting older like,8g_s1261
the idea that hes getting older like this,8g_s1262
fight against arnold so he was like i,8g_s1263
against arnold so he was like i grew,8g_s1264
arnold so he was like i grew up,8g_s1265
so he was like i grew up watching,8g_s1266
he was like i grew up watching his,8g_s1267
so honored to be here and to be,8g_s1268
honored to be here and to be part,8g_s1269
to be here and to be part of,8g_s1270
be here and to be part of this,8g_s1271
here and to be part of this movie,8g_s1272
and to be part of this movie and,8g_s1273
to be part of this movie and to,8g_s1274
be part of this movie and to fight,8g_s1275
so i turned back to that guy again,8g_s1276
i turned back to that guy again after,8g_s1277
turned back to that guy again after i,8g_s1278
back to that guy again after i answered,8g_s1279
to that guy again after i answered the,8g_s1280
that guy again after i answered the next,8g_s1281
guy again after i answered the next question,8g_s1282
again after i answered the next question i,8g_s1283
after i answered the next question i said,8g_s1284
i answered the next question i said i,8g_s1285
answered the next question i said i wasnt,8g_s1286
the next question i said i wasnt satisfied,8g_s1287
next question i said i wasnt satisfied with,8g_s1288
question i said i wasnt satisfied with my,8g_s1289
i said i wasnt satisfied with my answer,8g_s1290
said i wasnt satisfied with my answer what,8g_s1291
i wasnt satisfied with my answer what i,8g_s1292
wasnt satisfied with my answer what i would,8g_s1293
satisfied with my answer what i would want,8g_s1294
with my answer what i would want to,8g_s1295
my answer what i would want to say,8g_s1296
answer what i would want to say is,8g_s1297
what i would want to say is that,8g_s1298
and they were not chuckling too loudly at,8g_s1299
they were not chuckling too loudly at this,8g_s1300
were not chuckling too loudly at this particular,8g_s1301
not chuckling too loudly at this particular show,8g_s1302
chuckling too loudly at this particular show very,8g_s1303
too loudly at this particular show very worried,8g_s1304
loudly at this particular show very worried about,8g_s1305
start rehearsing and all the jokes are about,8g_s1306
rehearsing and all the jokes are about death,8g_s1307
and all the jokes are about death and,8g_s1308
and there were two shows left and jay,8g_s1309
there were two shows left and jay had,8g_s1310
were two shows left and jay had a,8g_s1311
two shows left and jay had a vacation,8g_s1312
you know ive paid the price already my,8g_s1313
know ive paid the price already my show,8g_s1314
ive paid the price already my show got,8g_s1315
paid the price already my show got canceled,8g_s1316
i found out years later when i left,8g_s1317
found out years later when i left mary,8g_s1318
out years later when i left mary turned,8g_s1319
years later when i left mary turned to,8g_s1320
later when i left mary turned to them,8g_s1321
when i left mary turned to them and,8g_s1322
i left mary turned to them and said,8g_s1323
and i got bombarded and swarmed it was,8g_s1324
i got bombarded and swarmed it was cool,8g_s1325
got bombarded and swarmed it was cool but,8g_s1326
bombarded and swarmed it was cool but it,8g_s1327
and swarmed it was cool but it was,8g_s1328
swarmed it was cool but it was just,8g_s1329
it was cool but it was just weird,8g_s1330
you know you couldnt just sightread them and,8g_s1331
know you couldnt just sightread them and just,8g_s1332
you couldnt just sightread them and just go,8g_s1333
couldnt just sightread them and just go oh,8g_s1334
just sightread them and just go oh yeah,8g_s1335
sightread them and just go oh yeah its,8g_s1336
ken and myself and they got quite intense,8g_s1337
and myself and they got quite intense and,8g_s1338
myself and they got quite intense and for,8g_s1339
and they got quite intense and for the,8g_s1340
they got quite intense and for the first,8g_s1341
got quite intense and for the first time,8g_s1342
quite intense and for the first time ever,8g_s1343
easy scene and they had to be quite,8g_s1344
scene and they had to be quite well,8g_s1345
and they had to be quite well worked,8g_s1346
they had to be quite well worked but,8g_s1347
with nick the director whos absolutely brilliant and,8g_s1348
nick the director whos absolutely brilliant and with,8g_s1349
the director whos absolutely brilliant and with ken,8g_s1350
director whos absolutely brilliant and with ken it,8g_s1351
whos absolutely brilliant and with ken it just,8g_s1352
absolutely brilliant and with ken it just you,8g_s1353
brilliant and with ken it just you know,8g_s1354
and with ken it just you know wed,8g_s1355
with ken it just you know wed blocked,8g_s1356
ken it just you know wed blocked the,8g_s1357
it just you know wed blocked the scene,8g_s1358
just you know wed blocked the scene and,8g_s1359
you know wed blocked the scene and then,8g_s1360
know wed blocked the scene and then because,8g_s1361
wed blocked the scene and then because hes,8g_s1362
blocked the scene and then because hes just,8g_s1363
the scene and then because hes just so,8g_s1364
scene and then because hes just so brilliant,8g_s1365
and then because hes just so brilliant it,8g_s1366
then because hes just so brilliant it just,8g_s1367
because hes just so brilliant it just the,8g_s1368
hes just so brilliant it just the scene,8g_s1369
just so brilliant it just the scene would,8g_s1370
so brilliant it just the scene would kind,8g_s1371
brilliant it just the scene would kind of,8g_s1372
it just the scene would kind of move,8g_s1373
just the scene would kind of move to,8g_s1374
the scene would kind of move to another,8g_s1375
scene would kind of move to another level,8g_s1376
would kind of move to another level in,8g_s1377
kind of move to another level in such,8g_s1378
of move to another level in such a,8g_s1379
move to another level in such a short,8g_s1380
to another level in such a short space,8g_s1381
another level in such a short space of,8g_s1382
level in such a short space of time,8g_s1383
so slight and i suppose you could just,8g_s1384
slight and i suppose you could just read,8g_s1385
and i suppose you could just read it,8g_s1386
i suppose you could just read it you,8g_s1387
suppose you could just read it you know,8g_s1388
you could just read it you know once,8g_s1389
could just read it you know once read,8g_s1390
just read it you know once read it,8g_s1391
read it you know once read it one,8g_s1392
it you know once read it one way,8g_s1393
you know once read it one way and,8g_s1394
know once read it one way and then,8g_s1395
once read it one way and then another,8g_s1396
read it one way and then another time,8g_s1397
it one way and then another time read,8g_s1398
one way and then another time read it,8g_s1399
way and then another time read it another,8g_s1400
and then another time read it another way,8g_s1401
then another time read it another way and,8g_s1402
another time read it another way and nick,8g_s1403
time read it another way and nick was,8g_s1404
read it another way and nick was brilliant,8g_s1405
it another way and nick was brilliant because,8g_s1406
another way and nick was brilliant because he,8g_s1407
way and nick was brilliant because he pinpointed,8g_s1408
and nick was brilliant because he pinpointed moments,8g_s1409
nick was brilliant because he pinpointed moments and,8g_s1410
was brilliant because he pinpointed moments and we,8g_s1411
brilliant because he pinpointed moments and we tried,8g_s1412
because he pinpointed moments and we tried it,8g_s1413
he pinpointed moments and we tried it a,8g_s1414
pinpointed moments and we tried it a few,8g_s1415
moments and we tried it a few different,8g_s1416
and we tried it a few different ways,8g_s1417
we tried it a few different ways and,8g_s1418
tried it a few different ways and so,8g_s1419
it a few different ways and so in,8g_s1420
a few different ways and so in each,8g_s1421
few different ways and so in each scene,8g_s1422
different ways and so in each scene you,8g_s1423
ways and so in each scene you just,8g_s1424
and so in each scene you just you,8g_s1425
so in each scene you just you felt,8g_s1426
just because shes so full of life and,8g_s1427
because shes so full of life and it,8g_s1428
shes so full of life and it was,8g_s1429
so full of life and it was just,8g_s1430
full of life and it was just a,8g_s1431
of life and it was just a real,8g_s1432
life and it was just a real it,8g_s1433
and it was just a real it was,8g_s1434
it was just a real it was just,8g_s1435
was just a real it was just like,8g_s1436
just a real it was just like being,8g_s1437
a real it was just like being around,8g_s1438
real it was just like being around sunshine,8g_s1439
it was just like being around sunshine every,8g_s1440
was just like being around sunshine every day,8g_s1441
just like being around sunshine every day it,8g_s1442
like being around sunshine every day it was,8g_s1443
being around sunshine every day it was just,8g_s1444
around sunshine every day it was just so,8g_s1445
sunshine every day it was just so refreshing,8g_s1446
every day it was just so refreshing to,8g_s1447
day it was just so refreshing to be,8g_s1448
it was just so refreshing to be around,8g_s1449
was just so refreshing to be around her,8g_s1450
just so refreshing to be around her but,8g_s1451
so refreshing to be around her but then,8g_s1452
refreshing to be around her but then towards,8g_s1453
to be around her but then towards the,8g_s1454
be around her but then towards the end,8g_s1455
around her but then towards the end of,8g_s1456
her but then towards the end of filming,8g_s1457
everyone would stop and stare and i think,8g_s1458
would stop and stare and i think she,8g_s1459
stop and stare and i think she quite,8g_s1460
and stare and i think she quite enjoyed,8g_s1461
stare and i think she quite enjoyed that,8g_s1462
and i think she quite enjoyed that so,8g_s1463
i think she quite enjoyed that so in,8g_s1464
think she quite enjoyed that so in the,8g_s1465
she quite enjoyed that so in the beginning,8g_s1466
quite enjoyed that so in the beginning of,8g_s1467
enjoyed that so in the beginning of their,8g_s1468
that so in the beginning of their relationship,8g_s1469
so in the beginning of their relationship it,8g_s1470
in the beginning of their relationship it was,8g_s1471
the beginning of their relationship it was a,8g_s1472
beginning of their relationship it was a lot,8g_s1473
of their relationship it was a lot of,8g_s1474
their relationship it was a lot of fun,8g_s1475
relationship it was a lot of fun a,8g_s1476
it was a lot of fun a lot,8g_s1477
was a lot of fun a lot of,8g_s1478
a lot of fun a lot of excitement,8g_s1479
lot of fun a lot of excitement living,8g_s1480
of fun a lot of excitement living with,8g_s1481
fun a lot of excitement living with her,8g_s1482
a lot of excitement living with her famous,8g_s1483
lot of excitement living with her famous uncle,8g_s1484
of excitement living with her famous uncle you,8g_s1485
excitement living with her famous uncle you know,8g_s1486
living with her famous uncle you know and,8g_s1487
with her famous uncle you know and coming,8g_s1488
her famous uncle you know and coming from,8g_s1489
famous uncle you know and coming from a,8g_s1490
uncle you know and coming from a poor,8g_s1491
you know and coming from a poor family,8g_s1492
know and coming from a poor family so,8g_s1493
and coming from a poor family so she,8g_s1494
coming from a poor family so she got,8g_s1495
known as gelly shes adolfs halfniece because her,8g_s1496
as gelly shes adolfs halfniece because her mom,8g_s1497
gelly shes adolfs halfniece because her mom is,8g_s1498
shes adolfs halfniece because her mom is his,8g_s1499
da da da da da da da da,8g_s1500
ta ta ta ta ta ta ta ta,8g_s1501
kaka kaka kaka kaka kaka kaka kaka kaka,8g_s1502
many many many many many many many many,8g_s1503
i am very happy to be able to,8g_s1504
i dont know i dont know i dont,8g_s1505
in the right place at the right time,8g_s1506
but at the end of the day you,8g_s1507
there are a lot of people who are,8g_s1508
dont know i dont know i dont know,8g_s1509
their customs their customs their customs their customs,8g_s1510
i would like to express my gratitude to,8g_s1511
customs their customs their customs their customs their,8g_s1512
infrastructure he talked about infrastructure he talked about,8g_s1513
he talked about infrastructure he talked about infrastructure,8g_s1514
when i was a child i used to,8g_s1515
talked about infrastructure he talked about infrastructure he,8g_s1516
about infrastructure he talked about infrastructure he talked,8g_s1517
one song one song one song one song,8g_s1518
for the first time in my life i,8g_s1519
on the one hand and on the other,8g_s1520
to be able to be a part of,8g_s1521
i knew it was going to be a,8g_s1522
song one song one song one song one,8g_s1523
but at the end of the day we,8g_s1524
first of all i would like to say,8g_s1525
that but at the end of the day,8g_s1526
one of the best players in the world,8g_s1527
the one hand and on the other hand,8g_s1528
weve got a lot of work to do,8g_s1529
i dont know what to do i dont,8g_s1530
dont know what to do i dont know,8g_s1531
know i dont know i dont know i,8g_s1532
i think there are a lot of people,8g_s1533
i dont know what to say i dont,8g_s1534
dont know what to say i dont know,8g_s1535
know what to do i dont know what,8g_s1536
we have a lot of work to do,8g_s1537
first of all i would like to thank,8g_s1538
clicking that button down there and click on,8g_s1539
there are a lot of people who have,8g_s1540
what to do and what not to do,8g_s1541
what to do i dont know what to,8g_s1542
to do i dont know what to do,8g_s1543
know what to say i dont know what,8g_s1544
to say i dont know what to say,8g_s1545
at the end of the day if you,8g_s1546
knew it was going to be a tough,8g_s1547
that button down there and click on any,8g_s1548
button down there and click on any of,8g_s1549
down there and click on any of the,8g_s1550
there and click on any of the videos,8g_s1551
and click on any of the videos over,8g_s1552
click on any of the videos over here,8g_s1553
so i think its going to be a,8g_s1554
but you know at the end of the,8g_s1555
i am very happy to be a part,8g_s1556
am very happy to be a part of,8g_s1557
what to say i dont know what to,8g_s1558
we knew it was going to be a,8g_s1559
i would like to thank all of you,8g_s1560
subscribe by clicking that button down there and,8g_s1561
by clicking that button down there and click,8g_s1562
what i want to do i want to,8g_s1563
and i think thats one of the reasons,8g_s1564
its been a long time since ive been,8g_s1565
i think thats one of the reasons why,8g_s1566
the one that affects the state of georgia,8g_s1567
at the end of the day this is,8g_s1568
of all i would like to say that,8g_s1569
on the one hand on the other hand,8g_s1570
that there are a lot of people who,8g_s1571
one that affects the state of georgia and,8g_s1572
that affects the state of georgia and thats,8g_s1573
affects the state of georgia and thats the,8g_s1574
the state of georgia and thats the one,8g_s1575
i want to be a part of it,8g_s1576
im going to do everything i can to,8g_s1577
i have a lot of work to do,8g_s1578
at the end of the day we have,8g_s1579
has been going on for a long time,8g_s1580
a lot of it has to do with,8g_s1581
state of georgia and thats the one that,8g_s1582
of georgia and thats the one that affects,8g_s1583
georgia and thats the one that affects the,8g_s1584
and thats the one that affects the state,8g_s1585
thats the one that affects the state of,8g_s1586
i think the most important thing is that,8g_s1587
there is a lot of work to be,8g_s1588
is a lot of work to be done,8g_s1589
at the end of the day its not,8g_s1590
at the end of the day i mean,8g_s1591
thanks for checking out our youtube channel subscribe,8g_s1592
for checking out our youtube channel subscribe by,8g_s1593
checking out our youtube channel subscribe by clicking,8g_s1594
the ball in the back of the net,8g_s1595
i was a child i used to go,8g_s1596
didnt know what i was going to do,8g_s1597
for the first time in a long time,8g_s1598
it was it was it was it was,8g_s1599
but at the end of the day it,8g_s1600
very happy to be a part of this,8g_s1601
the right place at the right time and,8g_s1602
and at the end of the day its,8g_s1603
thank you thank you thank you thank you,8g_s1604
fans thanks for checking out our youtube channel,8g_s1605
i think its going to be a great,8g_s1606
i didnt know it was going to be,8g_s1607
was a child i used to go to,8g_s1608
not going to be able to do it,8g_s1609
weve known each other for a long time,8g_s1610
at the end of the day its about,8g_s1611
theres a lot of people out there that,8g_s1612
what what what what what what what what,8g_s1613
and i think at the end of the,8g_s1614
at the end of the day its a,8g_s1615
think there are a lot of people who,8g_s1616
i think thats one of the things that,8g_s1617
at the end of the day its the,8g_s1618
i have a lot of respect for the,8g_s1619
ive been doing this for a long time,8g_s1620
i would like to say that i am,8g_s1621
i would love to be a part of,8g_s1622
channel subscribe by clicking that button down there,8g_s1623
i have a lot of friends who are,8g_s1624
and i think there are a lot of,8g_s1625
at the end of the day were all,8g_s1626
i didnt know what was going to happen,8g_s1627
and you know at the end of the,8g_s1628
would like to thank all of you for,8g_s1629
but at the same time you have to,8g_s1630
i dont think so i dont think so,8g_s1631
i would like to thank you very much,8g_s1632
and at the end of the day we,8g_s1633
because at the end of the day i,8g_s1634
we knew it was going to be tough,8g_s1635
i hope that we will be able to,8g_s1636
at the end of the day you have,8g_s1637
i dont know if i will be able,8g_s1638
dont know if i will be able to,8g_s1639
i will do everything in my power to,8g_s1640
thank you from the bottom of my heart,8g_s1641
light at the end of the tunnel and,8g_s1642
i dont know if im going to be,8g_s1643
and at the end of the day i,8g_s1644
still have a lot of work to do,8g_s1645
so its going to be a lot of,8g_s1646
but at the same time you know i,8g_s1647
at the end of the day it was,8g_s1648
i am very happy to be here today,8g_s1649
also has to do with the fact that,8g_s1650
theres a lot of work to be done,8g_s1651
it was the first time in my life,8g_s1652
would like to express my gratitude to the,8g_s1653
trust them tell them your story just like,8g_s1654
them tell them your story just like you,8g_s1655
tell them your story just like you talk,8g_s1656
them your story just like you talk to,8g_s1657
your story just like you talk to mom,8g_s1658
story just like you talk to mom and,8g_s1659
just like you talk to mom and dad,8g_s1660
like you talk to mom and dad you,8g_s1661
you talk to mom and dad you know,8g_s1662
talk to mom and dad you know its,8g_s1663
to mom and dad you know its a,8g_s1664
mom and dad you know its a safe,8g_s1665
and dad you know its a safe place,8g_s1666
dad you know its a safe place to,8g_s1667
you know its a safe place to talk,8g_s1668
what to do what to do what to,8g_s1669
to do what to do what to do,8g_s1670
for more exclusive videos of the unmarried wife,8g_s1671
more exclusive videos of the unmarried wife just,8g_s1672
exclusive videos of the unmarried wife just click,8g_s1673
videos of the unmarried wife just click the,8g_s1674
of the unmarried wife just click the i,8g_s1675
the unmarried wife just click the i button,8g_s1676
yes yes yes yes yes yes yes yes,8g_s1677
youre not going to be able to do,8g_s1678
so i knew it was going to be,8g_s1679
so i dont know whats going to happen,8g_s1680
i think its going to be a very,8g_s1681
we need to make sure that we have,8g_s1682
i think one of the most important things,8g_s1683
and i think that a lot of people,8g_s1684
this is what i want to do and,8g_s1685
at the end of the day i have,8g_s1686
it was a lot of fun and i,8g_s1687
and i think thats the most important thing,8g_s1688
was it was it was it was it,8g_s1689
i dont want to talk too much about,8g_s1690
the president of the republic and the prime,8g_s1691
president of the republic and the prime minister,8g_s1692
you know i think a lot of people,8g_s1693
some of the best players in the world,8g_s1694
we have to do everything we can to,8g_s1695
but at the same time we have to,8g_s1696
to be a part of it and i,8g_s1697
you know what i mean and i think,8g_s1698
i dont know if its true or not,8g_s1699
i would like to take this opportunity to,8g_s1700
come on come on come on come on,8g_s1701
we still have a long way to go,8g_s1702
i want to say thank you to all,8g_s1703
but at the end of the day the,8g_s1704
thank you so much thank you so much,8g_s1705
the most important thing for me is to,8g_s1706
i dont know if you can hear me,8g_s1707
you can trust them tell them your story,8g_s1708
can trust them tell them your story just,8g_s1709
mistakes or have problems like this in their,8g_s1710
or have problems like this in their life,8g_s1711
there are plenty more fantastic interviews to come,8g_s1712
are plenty more fantastic interviews to come so,8g_s1713
plenty more fantastic interviews to come so make,8g_s1714
more fantastic interviews to come so make sure,8g_s1715
fantastic interviews to come so make sure that,8g_s1716
interviews to come so make sure that you,8g_s1717
to come so make sure that you subscribe,8g_s1718
are the ones who are the ones who,8g_s1719
and for more exclusive videos of the unmarried,8g_s1720
and i think a lot of people are,8g_s1721
and i think thats one of the things,8g_s1722
and i think one of the things that,8g_s1723
there are a lot of people out there,8g_s1724
a lot of work to be done and,8g_s1725
i knew it was going to be tough,8g_s1726
any of the videos over here to watch,8g_s1727
of the videos over here to watch the,8g_s1728
the videos over here to watch the latest,8g_s1729
youtube channel subscribe by clicking that button down,8g_s1730
because at the end of the day its,8g_s1731
i think the most important thing is to,8g_s1732
want to be a part of it and,8g_s1733
the president of the united states of america,8g_s1734
be able to be a part of that,8g_s1735
it was a lot of fun you know,8g_s1736
a child i used to go to school,8g_s1737
a lot of time and a lot of,8g_s1738
to be a part of it you know,8g_s1739
for the first time in the history of,8g_s1740
i wake up in the morning and i,8g_s1741
i just want to say thank you to,8g_s1742
there are a lot of people in the,8g_s1743
i thought it was going to be a,8g_s1744
i think i think i think i think,8g_s1745
has nothing to do with the fact that,8g_s1746
i dont know what to say but i,8g_s1747
am very happy to be able to speak,8g_s1748
i dont know i dont know if i,8g_s1749
i would like to thank you for your,8g_s1750
do i dont know what to do i,8g_s1751
marriage is between a man and a woman,8g_s1752
but at the same time i think its,8g_s1753
i like to think of myself as a,8g_s1754
i didnt know if i was going to,8g_s1755
i dont know if i can do it,8g_s1756
i want to do this i want to,8g_s1757
at the end of the day i dont,8g_s1758
and i knew it was going to be,8g_s1759
but at the end of the day were,8g_s1760
one of the best teams in the world,8g_s1761
ive been doing it for a long time,8g_s1762
and so on and so on and so,8g_s1763
so on and so on and so on,8g_s1764
you know when i was a kid i,8g_s1765
im going to do that im going to,8g_s1766
happy to be able to participate in this,8g_s1767
this is a very bad thing the good,8g_s1768
is a very bad thing the good thing,8g_s1769
a very bad thing the good thing is,8g_s1770
very bad thing the good thing is that,8g_s1771
bad thing the good thing is that his,8g_s1772
thing the good thing is that his queen,8g_s1773
the good thing is that his queen is,8g_s1774
good thing is that his queen is very,8g_s1775
subscribe button so that you never miss out,8g_s1776
button so that you never miss out on,8g_s1777
so that you never miss out on our,8g_s1778
that you never miss out on our most,8g_s1779
you never miss out on our most memorable,8g_s1780
the ones who are the ones who are,8g_s1781
ones who are the ones who are the,8g_s1782
who are the ones who are the ones,8g_s1783
dont forget you can subscribe for even more,8g_s1784
forget you can subscribe for even more of,8g_s1785
you can subscribe for even more of these,8g_s1786
can subscribe for even more of these amazing,8g_s1787
subscribe for even more of these amazing videos,8g_s1788
for even more of these amazing videos exclusive,8g_s1789
even more of these amazing videos exclusive to,8g_s1790
more of these amazing videos exclusive to our,8g_s1791
of these amazing videos exclusive to our channel,8g_s1792
to identify skills shortages in other words a,8g_s1793
identify skills shortages in other words a specialist,8g_s1794
skills shortages in other words a specialist in,8g_s1795
shortages in other words a specialist in a,8g_s1796
in other words a specialist in a district,8g_s1797
other words a specialist in a district must,8g_s1798
words a specialist in a district must be,8g_s1799
a specialist in a district must be able,8g_s1800
specialist in a district must be able to,8g_s1801
in a district must be able to say,8g_s1802
because at the end of the day you,8g_s1803
there are a lot of things that we,8g_s1804
a lot of people who are going to,8g_s1805
it was going to be a tough game,8g_s1806
that at the end of the day its,8g_s1807
i think that at the end of the,8g_s1808
i dont know whats going to happen i,8g_s1809
a lot of hard work and a lot,8g_s1810
lot of hard work and a lot of,8g_s1811
im very happy to be a part of,8g_s1812
videos over here to watch the latest interviews,8g_s1813
over here to watch the latest interviews show,8g_s1814
here to watch the latest interviews show highlights,8g_s1815
to watch the latest interviews show highlights and,8g_s1816
out our youtube channel subscribe by clicking that,8g_s1817
our youtube channel subscribe by clicking that button,8g_s1818
im a celebrity get me out of here,8g_s1819
i dont know if you know this but,8g_s1820
there is still a long way to go,8g_s1821
i dont know if its going to be,8g_s1822
so at the end of the day i,8g_s1823
its going to be its going to be,8g_s1824
you know what i mean so i think,8g_s1825
i want to be a part of the,8g_s1826
it but at the end of the day,8g_s1827
and at the end of the day it,8g_s1828
thank you so much for all the love,8g_s1829
i dont think its going to be a,8g_s1830
have known each other for a long time,8g_s1831
what im going to do im going to,8g_s1832
and i was like you know what i,8g_s1833
have a lot of work to do and,8g_s1834
i would like to say that it is,8g_s1835
it was a lot of fun working with,8g_s1836
a lot of work and a lot of,8g_s1837
today we are going to talk about the,8g_s1838
and i have a lot of respect for,8g_s1839
i dont know if i can do this,8g_s1840
i think there are a lot of things,8g_s1841
weve got to do a better job of,8g_s1842
but i think at the end of the,8g_s1843
at the end of the day but i,8g_s1844
be in the right place at the right,8g_s1845
it has nothing to do with the fact,8g_s1846
at the end of the day its all,8g_s1847
but i think its going to be a,8g_s1848
know if im going to be able to,8g_s1849
in the last two and a half years,8g_s1850
i think its going to be a lot,8g_s1851
thats what i want to do i want,8g_s1852
you have to work hard you have to,8g_s1853
because at the end of the day we,8g_s1854
you know what i mean and you know,8g_s1855
i would like to talk to you about,8g_s1856
to get to the bottom of this and,8g_s1857
i would like to thank all the people,8g_s1858
you know what i mean so you know,8g_s1859
that was one of the things that i,8g_s1860
i have my records i have my files,8g_s1861
have my records i have my files and,8g_s1862
my records i have my files and as,8g_s1863
has something to do with the fact that,8g_s1864
there are a lot of things to do,8g_s1865
advantage of all the ingredients in your pantry,8g_s1866
we have been working for a long time,8g_s1867
going to be a little bit of a,8g_s1868
there are a lot of people who want,8g_s1869
are a lot of people who want to,8g_s1870
very happy to be able to participate in,8g_s1871
to be able to participate in this event,8g_s1872
you a lot and this is a very,8g_s1873
a lot and this is a very bad,8g_s1874
lot and this is a very bad thing,8g_s1875
and this is a very bad thing and,8g_s1876
this is a very bad thing and the,8g_s1877
is a very bad thing and the good,8g_s1878
a very bad thing and the good thing,8g_s1879
very bad thing and the good thing is,8g_s1880
bad thing and the good thing is that,8g_s1881
never miss out on our most memorable lessons,8g_s1882
have problems like this in their life and,8g_s1883
really really really really really really really really,8g_s1884
going to be a lot of fun and,8g_s1885
its a lot of fun its a lot,8g_s1886
a lot of fun its a lot of,8g_s1887
watch my exclusive interview on idream media with,8g_s1888
my exclusive interview on idream media with harshini,8g_s1889
exclusive interview on idream media with harshini and,8g_s1890
interview on idream media with harshini and please,8g_s1891
on idream media with harshini and please subscribe,8g_s1892
idream media with harshini and please subscribe to,8g_s1893
media with harshini and please subscribe to this,8g_s1894
with harshini and please subscribe to this channel,8g_s1895
you so bad you so bad you so,8g_s1896
so bad you so bad you so bad,8g_s1897
and dont forget you can subscribe for even,8g_s1898
they dont know how to do it they,8g_s1899
dont know how to do it they dont,8g_s1900
know how to do it they dont know,8g_s1901
how to do it they dont know how,8g_s1902
to do it they dont know how to,8g_s1903
do it they dont know how to do,8g_s1904
it they dont know how to do it,8g_s1905
a district must be able to say to,8g_s1906
district must be able to say to identify,8g_s1907
must be able to say to identify skills,8g_s1908
be able to say to identify skills shortages,8g_s1909
able to say to identify skills shortages in,8g_s1910
to say to identify skills shortages in other,8g_s1911
say to identify skills shortages in other words,8g_s1912
being in the right place at the right,8g_s1913
you can do whatever you want to do,8g_s1914
think that at the end of the day,8g_s1915
we need to get to the bottom of,8g_s1916
you know i think theres a lot of,8g_s1917
there is a lot of work to do,8g_s1918
i had a lot of fun working with,8g_s1919
its going to be a tough game but,8g_s1920
have been doing it for a long time,8g_s1921
to be a part of something like that,8g_s1922
i dont know i mean i dont know,8g_s1923
i dont want to be a part of,8g_s1924
what we want to do is we want,8g_s1925
we want to do is we want to,8g_s1926
so i think there are a lot of,8g_s1927
im going to tell you a story and,8g_s1928
because there are a lot of people who,8g_s1929
had no idea what i was going to,8g_s1930
i hope that i will be able to,8g_s1931
i am very happy to be part of,8g_s1932
thank you very much thank you very much,8g_s1933
not going to be able to do that,8g_s1934
you know its one of those things that,8g_s1935
there are a lot of things that i,8g_s1936
at the end of the day and i,8g_s1937
you thank you thank you thank you thank,8g_s1938
i didnt know what i was doing i,8g_s1939
there are a lot of things that are,8g_s1940
i was going to be a part of,8g_s1941
but there are a lot of people who,8g_s1942
i want to do that i want to,8g_s1943
think i think i think i think i,8g_s1944
to be the president of the united states,8g_s1945
it was great to be a part of,8g_s1946
there is still a lot to be done,8g_s1947
at the end of the day we know,8g_s1948
we knew it was going to be difficult,8g_s1949
and we need to make sure that we,8g_s1950
it was one of those things where i,8g_s1951
what were going to do were going to,8g_s1952
put the ball in the back of the,8g_s1953
its going to be interesting to see how,8g_s1954
the end of the day you have to,8g_s1955
i wasnt sure if i was going to,8g_s1956
i think what we need to do is,8g_s1957
know there are a lot of people who,8g_s1958
and so at the end of the day,8g_s1959
it was a lot of fun for me,8g_s1960
like this is what i want to do,8g_s1961
and at the end of the day you,8g_s1962
weve still got a long way to go,8g_s1963
was the first time in my life that,8g_s1964
we need to make sure that we are,8g_s1965
you say you cant go around speculating do,8g_s1966
say you cant go around speculating do you,8g_s1967
you cant go around speculating do you not,8g_s1968
cant go around speculating do you not know,8g_s1969
go around speculating do you not know the,8g_s1970